{
  "means": [
    0.6597344591390601,
    0.6018336052508202,
    0.6763585187971245,
    0.752226953069831,
    0.5984998368766419,
    -0.020185077170364905,
    0.5242700177613039,
    0.5324580074006389,
    0.8441708889508317,
    -0.03743224389591189,
    -0.014262611663705387,
    -0.12322716463728114,
    -0.26971472816021985
  ],
  "scales": [
    0.1638176419564905,
    0.14596745564667837,
    0.1583657060340464,
    0.04766136501434452,
    0.05566880738659572,
    0.019960677841024222,
    0.1646669414180347,
    0.18346564252629252,
    0.24546227240691074,
    0.01762589170393938,
    0.018128880144627053,
    0.09214901301345392,
    0.07000323411153277
  ]
}